-- COST RPC integration test fixture (base)
-- Plan: docs/cost-rpc-integration-test-plan.txt
-- Load after: supabase/test/schema-baseline-20260520_pre_cost_breakdown_rpc_tests.sql
-- WL scenarios: apply cost-rpc-fixture-wl-*.sql on top (default = no WL members/lines)

BEGIN;

-- §A
INSERT INTO companies (id, company_name) VALUES
  ('11111111-1111-1111-1111-111111111001', 'Cost RPC Test Co');

INSERT INTO tenants (id, name, type) VALUES
  ('11111111-1111-1111-1111-111111111101', 'Cost RPC Tenant A', 'restaurant'),
  ('11111111-1111-1111-1111-111111111102', 'Cost RPC Tenant B', 'restaurant');

INSERT INTO company_tenants (id, company_id, tenant_id) VALUES
  ('aaaaaaaa-aaaa-aaaa-aaaa-aaaaaaaa1101', '11111111-1111-1111-1111-111111111001', '11111111-1111-1111-1111-111111111101'),
  ('aaaaaaaa-aaaa-aaaa-aaaa-aaaaaaaa1102', '11111111-1111-1111-1111-111111111001', '11111111-1111-1111-1111-111111111102');

-- public.users.id → auth.users.id (schema-baseline FK; stub auth schema on Docker)
INSERT INTO auth.users (id) VALUES
  ('22222222-2222-2222-2222-222222222201');

INSERT INTO users (id, display_name) VALUES
  ('22222222-2222-2222-2222-222222222201', 'Cost RPC Test User');

INSERT INTO profiles (id, user_id, tenant_id, role) VALUES
  ('bbbbbbbb-bbbb-bbbb-bbbb-bbbbbbbb1101', '22222222-2222-2222-2222-222222222201', '11111111-1111-1111-1111-111111111101', 'admin');

INSERT INTO vendors (id, name, tenant_id, user_id) VALUES
  ('33333333-3333-3333-3333-333333333301', 'Test Vendor A', '11111111-1111-1111-1111-111111111101', '22222222-2222-2222-2222-222222222201'),
  ('33333333-3333-3333-3333-333333333302', 'Test Vendor B', '11111111-1111-1111-1111-111111111102', '22222222-2222-2222-2222-222222222201');

INSERT INTO labor_roles (id, name, hourly_wage, tenant_id, user_id) VALUES
  ('55555555-5555-5555-5555-555555555501', 'kitchen', 60, '11111111-1111-1111-1111-111111111101', '22222222-2222-2222-2222-222222222201');

-- §B tenant 101 raw

INSERT INTO base_items (id, name, tenant_id, specific_weight) VALUES ('77777777-7777-7777-7777-777777770201', 'R01 小麦粉', '11111111-1111-1111-1111-111111111101', NULL);
INSERT INTO virtual_vendor_products (id, vendor_id, product_name, purchase_unit, purchase_quantity, current_price, tenant_id) VALUES ('88888888-8888-8888-8888-888888880201', '33333333-3333-3333-3333-333333333301', 'R01 小麦粉', 'kg', 10, 50.00, '11111111-1111-1111-1111-111111111101');
INSERT INTO product_mappings (id, base_item_id, virtual_product_id, tenant_id) VALUES ('99999999-9999-9999-9999-999999990201', '77777777-7777-7777-7777-777777770201', '88888888-8888-8888-8888-888888880201', '11111111-1111-1111-1111-111111111101');
INSERT INTO items (id, name, item_kind, base_item_id, tenant_id) VALUES ('66666666-6666-6666-6666-666666660201', 'R01 小麦粉', 'raw', '77777777-7777-7777-7777-777777770201', '11111111-1111-1111-1111-111111111101');
INSERT INTO base_items (id, name, tenant_id, specific_weight) VALUES ('77777777-7777-7777-7777-777777770202', 'R02 食塩', '11111111-1111-1111-1111-111111111101', NULL);
INSERT INTO virtual_vendor_products (id, vendor_id, product_name, purchase_unit, purchase_quantity, current_price, tenant_id) VALUES ('88888888-8888-8888-8888-888888880202', '33333333-3333-3333-3333-333333333301', 'R02 食塩', 'g', 1000, 2.00, '11111111-1111-1111-1111-111111111101');
INSERT INTO product_mappings (id, base_item_id, virtual_product_id, tenant_id) VALUES ('99999999-9999-9999-9999-999999990202', '77777777-7777-7777-7777-777777770202', '88888888-8888-8888-8888-888888880202', '11111111-1111-1111-1111-111111111101');
INSERT INTO items (id, name, item_kind, base_item_id, tenant_id) VALUES ('66666666-6666-6666-6666-666666660202', 'R02 食塩', 'raw', '77777777-7777-7777-7777-777777770202', '11111111-1111-1111-1111-111111111101');
INSERT INTO base_items (id, name, tenant_id, specific_weight) VALUES ('77777777-7777-7777-7777-777777770203', 'R03 砂糖', '11111111-1111-1111-1111-111111111101', NULL);
INSERT INTO virtual_vendor_products (id, vendor_id, product_name, purchase_unit, purchase_quantity, current_price, tenant_id) VALUES ('88888888-8888-8888-8888-888888880203', '33333333-3333-3333-3333-333333333301', 'R03 砂糖', 'kg', 5, 25.00, '11111111-1111-1111-1111-111111111101');
INSERT INTO product_mappings (id, base_item_id, virtual_product_id, tenant_id) VALUES ('99999999-9999-9999-9999-999999990203', '77777777-7777-7777-7777-777777770203', '88888888-8888-8888-8888-888888880203', '11111111-1111-1111-1111-111111111101');
INSERT INTO items (id, name, item_kind, base_item_id, tenant_id) VALUES ('66666666-6666-6666-6666-666666660203', 'R03 砂糖', 'raw', '77777777-7777-7777-7777-777777770203', '11111111-1111-1111-1111-111111111101');
INSERT INTO base_items (id, name, tenant_id, specific_weight) VALUES ('77777777-7777-7777-7777-777777770204', 'R04 豚ロース', '11111111-1111-1111-1111-111111111101', NULL);
INSERT INTO virtual_vendor_products (id, vendor_id, product_name, purchase_unit, purchase_quantity, current_price, tenant_id) VALUES ('88888888-8888-8888-8888-888888880204', '33333333-3333-3333-3333-333333333301', 'R04 豚ロース', 'kg', 5, 125.00, '11111111-1111-1111-1111-111111111101');
INSERT INTO product_mappings (id, base_item_id, virtual_product_id, tenant_id) VALUES ('99999999-9999-9999-9999-999999990204', '77777777-7777-7777-7777-777777770204', '88888888-8888-8888-8888-888888880204', '11111111-1111-1111-1111-111111111101');
INSERT INTO items (id, name, item_kind, base_item_id, tenant_id) VALUES ('66666666-6666-6666-6666-666666660204', 'R04 豚ロース', 'raw', '77777777-7777-7777-7777-777777770204', '11111111-1111-1111-1111-111111111101');
INSERT INTO base_items (id, name, tenant_id, specific_weight) VALUES ('77777777-7777-7777-7777-777777770205', 'R05 パン粉', '11111111-1111-1111-1111-111111111101', NULL);
INSERT INTO virtual_vendor_products (id, vendor_id, product_name, purchase_unit, purchase_quantity, current_price, tenant_id) VALUES ('88888888-8888-8888-8888-888888880205', '33333333-3333-3333-3333-333333333301', 'R05 パン粉', 'kg', 2, 10.00, '11111111-1111-1111-1111-111111111101');
INSERT INTO product_mappings (id, base_item_id, virtual_product_id, tenant_id) VALUES ('99999999-9999-9999-9999-999999990205', '77777777-7777-7777-7777-777777770205', '88888888-8888-8888-8888-888888880205', '11111111-1111-1111-1111-111111111101');
INSERT INTO items (id, name, item_kind, base_item_id, tenant_id) VALUES ('66666666-6666-6666-6666-666666660205', 'R05 パン粉', 'raw', '77777777-7777-7777-7777-777777770205', '11111111-1111-1111-1111-111111111101');
INSERT INTO base_items (id, name, tenant_id, specific_weight) VALUES ('77777777-7777-7777-7777-777777770206', 'R06 卵液', '11111111-1111-1111-1111-111111111101', NULL);
INSERT INTO virtual_vendor_products (id, vendor_id, product_name, purchase_unit, purchase_quantity, current_price, tenant_id) VALUES ('88888888-8888-8888-8888-888888880206', '33333333-3333-3333-3333-333333333301', 'R06 卵液', 'g', 2000, 6.00, '11111111-1111-1111-1111-111111111101');
INSERT INTO product_mappings (id, base_item_id, virtual_product_id, tenant_id) VALUES ('99999999-9999-9999-9999-999999990206', '77777777-7777-7777-7777-777777770206', '88888888-8888-8888-8888-888888880206', '11111111-1111-1111-1111-111111111101');
INSERT INTO items (id, name, item_kind, base_item_id, tenant_id) VALUES ('66666666-6666-6666-6666-666666660206', 'R06 卵液', 'raw', '77777777-7777-7777-7777-777777770206', '11111111-1111-1111-1111-111111111101');
INSERT INTO base_items (id, name, tenant_id, specific_weight) VALUES ('77777777-7777-7777-7777-777777770207', 'R07 カレー粉', '11111111-1111-1111-1111-111111111101', NULL);
INSERT INTO virtual_vendor_products (id, vendor_id, product_name, purchase_unit, purchase_quantity, current_price, tenant_id) VALUES ('88888888-8888-8888-8888-888888880207', '33333333-3333-3333-3333-333333333301', 'R07 カレー粉', 'g', 500, 8.00, '11111111-1111-1111-1111-111111111101');
INSERT INTO product_mappings (id, base_item_id, virtual_product_id, tenant_id) VALUES ('99999999-9999-9999-9999-999999990207', '77777777-7777-7777-7777-777777770207', '88888888-8888-8888-8888-888888880207', '11111111-1111-1111-1111-111111111101');
INSERT INTO items (id, name, item_kind, base_item_id, tenant_id) VALUES ('66666666-6666-6666-6666-666666660207', 'R07 カレー粉', 'raw', '77777777-7777-7777-7777-777777770207', '11111111-1111-1111-1111-111111111101');
INSERT INTO base_items (id, name, tenant_id, specific_weight) VALUES ('77777777-7777-7777-7777-777777770208', 'R08 米', '11111111-1111-1111-1111-111111111101', NULL);
INSERT INTO virtual_vendor_products (id, vendor_id, product_name, purchase_unit, purchase_quantity, current_price, tenant_id) VALUES ('88888888-8888-8888-8888-888888880208', '33333333-3333-3333-3333-333333333301', 'R08 米', 'kg', 20, 40.00, '11111111-1111-1111-1111-111111111101');
INSERT INTO product_mappings (id, base_item_id, virtual_product_id, tenant_id) VALUES ('99999999-9999-9999-9999-999999990208', '77777777-7777-7777-7777-777777770208', '88888888-8888-8888-8888-888888880208', '11111111-1111-1111-1111-111111111101');
INSERT INTO items (id, name, item_kind, base_item_id, tenant_id) VALUES ('66666666-6666-6666-6666-666666660208', 'R08 米', 'raw', '77777777-7777-7777-7777-777777770208', '11111111-1111-1111-1111-111111111101');
INSERT INTO base_items (id, name, tenant_id, specific_weight) VALUES ('77777777-7777-7777-7777-777777770209', 'R09 バター', '11111111-1111-1111-1111-111111111101', NULL);
INSERT INTO virtual_vendor_products (id, vendor_id, product_name, purchase_unit, purchase_quantity, current_price, tenant_id) VALUES ('88888888-8888-8888-8888-888888880209', '33333333-3333-3333-3333-333333333301', 'R09 バター', 'kg', 1, 8.00, '11111111-1111-1111-1111-111111111101');
INSERT INTO product_mappings (id, base_item_id, virtual_product_id, tenant_id) VALUES ('99999999-9999-9999-9999-999999990209', '77777777-7777-7777-7777-777777770209', '88888888-8888-8888-8888-888888880209', '11111111-1111-1111-1111-111111111101');
INSERT INTO items (id, name, item_kind, base_item_id, tenant_id) VALUES ('66666666-6666-6666-6666-666666660209', 'R09 バター', 'raw', '77777777-7777-7777-7777-777777770209', '11111111-1111-1111-1111-111111111101');
INSERT INTO base_items (id, name, tenant_id, specific_weight) VALUES ('77777777-7777-7777-7777-777777770210', 'R10 牛ひき肉', '11111111-1111-1111-1111-111111111101', NULL);
INSERT INTO virtual_vendor_products (id, vendor_id, product_name, purchase_unit, purchase_quantity, current_price, tenant_id) VALUES ('88888888-8888-8888-8888-888888880210', '33333333-3333-3333-3333-333333333301', 'R10 牛ひき肉', 'kg', 3, 45.00, '11111111-1111-1111-1111-111111111101');
INSERT INTO product_mappings (id, base_item_id, virtual_product_id, tenant_id) VALUES ('99999999-9999-9999-9999-999999990210', '77777777-7777-7777-7777-777777770210', '88888888-8888-8888-8888-888888880210', '11111111-1111-1111-1111-111111111101');
INSERT INTO items (id, name, item_kind, base_item_id, tenant_id) VALUES ('66666666-6666-6666-6666-666666660210', 'R10 牛ひき肉', 'raw', '77777777-7777-7777-7777-777777770210', '11111111-1111-1111-1111-111111111101');
INSERT INTO base_items (id, name, tenant_id, specific_weight) VALUES ('77777777-7777-7777-7777-777777770211', 'R11 チーズ', '11111111-1111-1111-1111-111111111101', NULL);
INSERT INTO virtual_vendor_products (id, vendor_id, product_name, purchase_unit, purchase_quantity, current_price, tenant_id) VALUES ('88888888-8888-8888-8888-888888880211', '33333333-3333-3333-3333-333333333301', 'R11 チーズ', 'kg', 2, 20.00, '11111111-1111-1111-1111-111111111101');
INSERT INTO product_mappings (id, base_item_id, virtual_product_id, tenant_id) VALUES ('99999999-9999-9999-9999-999999990211', '77777777-7777-7777-7777-777777770211', '88888888-8888-8888-8888-888888880211', '11111111-1111-1111-1111-111111111101');
INSERT INTO items (id, name, item_kind, base_item_id, tenant_id) VALUES ('66666666-6666-6666-6666-666666660211', 'R11 チーズ', 'raw', '77777777-7777-7777-7777-777777770211', '11111111-1111-1111-1111-111111111101');
INSERT INTO base_items (id, name, tenant_id, specific_weight) VALUES ('77777777-7777-7777-7777-777777770212', 'R12 ガーリック', '11111111-1111-1111-1111-111111111101', NULL);
INSERT INTO virtual_vendor_products (id, vendor_id, product_name, purchase_unit, purchase_quantity, current_price, tenant_id) VALUES ('88888888-8888-8888-8888-888888880212', '33333333-3333-3333-3333-333333333301', 'R12 ガーリック', 'g', 500, 5.00, '11111111-1111-1111-1111-111111111101');
INSERT INTO product_mappings (id, base_item_id, virtual_product_id, tenant_id) VALUES ('99999999-9999-9999-9999-999999990212', '77777777-7777-7777-7777-777777770212', '88888888-8888-8888-8888-888888880212', '11111111-1111-1111-1111-111111111101');
INSERT INTO items (id, name, item_kind, base_item_id, tenant_id) VALUES ('66666666-6666-6666-6666-666666660212', 'R12 ガーリック', 'raw', '77777777-7777-7777-7777-777777770212', '11111111-1111-1111-1111-111111111101');
INSERT INTO base_items (id, name, tenant_id, specific_weight) VALUES ('77777777-7777-7777-7777-777777770213', 'R13 水', '11111111-1111-1111-1111-111111111101', NULL);
INSERT INTO virtual_vendor_products (id, vendor_id, product_name, purchase_unit, purchase_quantity, current_price, tenant_id) VALUES ('88888888-8888-8888-8888-888888880213', '33333333-3333-3333-3333-333333333301', 'R13 水', 'g', 1000, 0.50, '11111111-1111-1111-1111-111111111101');
INSERT INTO product_mappings (id, base_item_id, virtual_product_id, tenant_id) VALUES ('99999999-9999-9999-9999-999999990213', '77777777-7777-7777-7777-777777770213', '88888888-8888-8888-8888-888888880213', '11111111-1111-1111-1111-111111111101');
INSERT INTO items (id, name, item_kind, base_item_id, tenant_id) VALUES ('66666666-6666-6666-6666-666666660213', 'R13 水', 'raw', '77777777-7777-7777-7777-777777770213', '11111111-1111-1111-1111-111111111101');
INSERT INTO base_items (id, name, tenant_id, specific_weight) VALUES ('77777777-7777-7777-7777-777777770214', 'R14 サラダ油', '11111111-1111-1111-1111-111111111101', 0.92);
INSERT INTO virtual_vendor_products (id, vendor_id, product_name, purchase_unit, purchase_quantity, current_price, tenant_id) VALUES ('88888888-8888-8888-8888-888888880214', '33333333-3333-3333-3333-333333333301', 'R14 サラダ油', 'gal', 1, 12.00, '11111111-1111-1111-1111-111111111101');
INSERT INTO product_mappings (id, base_item_id, virtual_product_id, tenant_id) VALUES ('99999999-9999-9999-9999-999999990214', '77777777-7777-7777-7777-777777770214', '88888888-8888-8888-8888-888888880214', '11111111-1111-1111-1111-111111111101');
INSERT INTO items (id, name, item_kind, base_item_id, tenant_id) VALUES ('66666666-6666-6666-6666-666666660214', 'R14 サラダ油', 'raw', '77777777-7777-7777-7777-777777770214', '11111111-1111-1111-1111-111111111101');
INSERT INTO base_items (id, name, tenant_id, specific_weight) VALUES ('77777777-7777-7777-7777-777777770215', 'R15 箱卵', '11111111-1111-1111-1111-111111111101', NULL);
INSERT INTO virtual_vendor_products (id, vendor_id, product_name, purchase_unit, purchase_quantity, current_price, tenant_id) VALUES ('88888888-8888-8888-8888-888888880215', '33333333-3333-3333-3333-333333333301', 'R15 箱卵', 'each', 12, 6.00, '11111111-1111-1111-1111-111111111101');
INSERT INTO product_mappings (id, base_item_id, virtual_product_id, tenant_id) VALUES ('99999999-9999-9999-9999-999999990215', '77777777-7777-7777-7777-777777770215', '88888888-8888-8888-8888-888888880215', '11111111-1111-1111-1111-111111111101');
INSERT INTO items (id, name, item_kind, base_item_id, tenant_id, each_grams) VALUES ('66666666-6666-6666-6666-666666660215', 'R15 箱卵', 'raw', '77777777-7777-7777-7777-777777770215', '11111111-1111-1111-1111-111111111101', 55);

-- §B tenant 102 R08_b (C06)

INSERT INTO base_items (id, name, tenant_id) VALUES ('77777777-7777-7777-7777-777777770802', 'R08 米 (tenant B)', '11111111-1111-1111-1111-111111111102');
INSERT INTO virtual_vendor_products (id, vendor_id, product_name, purchase_unit, purchase_quantity, current_price, tenant_id) VALUES ('88888888-8888-8888-8888-888888880802', '33333333-3333-3333-3333-333333333302', 'R08 米', 'kg', 20, 40.00, '11111111-1111-1111-1111-111111111102');
INSERT INTO product_mappings (id, base_item_id, virtual_product_id, tenant_id) VALUES ('99999999-9999-9999-9999-999999990802', '77777777-7777-7777-7777-777777770802', '88888888-8888-8888-8888-888888880802', '11111111-1111-1111-1111-111111111102');
INSERT INTO items (id, name, item_kind, base_item_id, tenant_id) VALUES ('66666666-6666-6666-6666-666666660802', 'R08 米 (tenant B)', 'raw', '77777777-7777-7777-7777-777777770802', '11111111-1111-1111-1111-111111111102');

-- §C prepped + menu (tenant 101)

INSERT INTO items (id, name, item_kind, is_menu_item, proceed_yield_amount, proceed_yield_unit, tenant_id) VALUES ('66666666-6666-6666-6666-666666660301', 'P301 ルー', 'prepped', false, 500, 'g', '11111111-1111-1111-1111-111111111101');
INSERT INTO items (id, name, item_kind, is_menu_item, proceed_yield_amount, proceed_yield_unit, tenant_id) VALUES ('66666666-6666-6666-6666-666666660302', 'P302 カレーソース', 'prepped', false, 2000, 'g', '11111111-1111-1111-1111-111111111101');
INSERT INTO items (id, name, item_kind, is_menu_item, proceed_yield_amount, proceed_yield_unit, tenant_id) VALUES ('66666666-6666-6666-6666-666666660303', 'P303 とんかつ', 'prepped', false, 400, 'g', '11111111-1111-1111-1111-111111111101');
INSERT INTO items (id, name, item_kind, is_menu_item, proceed_yield_amount, proceed_yield_unit, tenant_id) VALUES ('66666666-6666-6666-6666-666666660304', 'P304 白飯', 'prepped', false, 1000, 'g', '11111111-1111-1111-1111-111111111101');
INSERT INTO items (id, name, item_kind, is_menu_item, proceed_yield_amount, proceed_yield_unit, tenant_id) VALUES ('66666666-6666-6666-6666-666666660305', 'P305 バンズ生地', 'prepped', false, 800, 'g', '11111111-1111-1111-1111-111111111101');
INSERT INTO items (id, name, item_kind, is_menu_item, proceed_yield_amount, proceed_yield_unit, tenant_id) VALUES ('66666666-6666-6666-6666-666666660306', 'P306 ハンバーグパティ', 'prepped', false, 500, 'g', '11111111-1111-1111-1111-111111111101');
INSERT INTO items (id, name, item_kind, is_menu_item, proceed_yield_amount, proceed_yield_unit, tenant_id) VALUES ('66666666-6666-6666-6666-666666660307', 'P307 チーズソース層', 'prepped', false, 600, 'g', '11111111-1111-1111-1111-111111111101');
INSERT INTO items (id, name, item_kind, is_menu_item, proceed_yield_amount, proceed_yield_unit, tenant_id) VALUES ('66666666-6666-6666-6666-666666660308', 'P308 深い中間層 L2', 'prepped', false, 800, 'g', '11111111-1111-1111-1111-111111111101');
INSERT INTO items (id, name, item_kind, is_menu_item, proceed_yield_amount, proceed_yield_unit, tenant_id) VALUES ('66666666-6666-6666-6666-666666660309', 'P309 深い中間層 L3', 'prepped', false, 600, 'g', '11111111-1111-1111-1111-111111111101');
INSERT INTO items (id, name, item_kind, is_menu_item, proceed_yield_amount, proceed_yield_unit, tenant_id) VALUES ('66666666-6666-6666-6666-666666660310', 'P310 ガーリックバター', 'prepped', false, 200, 'g', '11111111-1111-1111-1111-111111111101');
INSERT INTO items (id, name, item_kind, is_menu_item, proceed_yield_amount, proceed_yield_unit, tenant_id) VALUES ('66666666-6666-6666-6666-666666660312', 'P312 箱卵仕込み', 'prepped', false, 110, 'g', '11111111-1111-1111-1111-111111111101');
INSERT INTO items (id, name, item_kind, is_menu_item, proceed_yield_amount, proceed_yield_unit, tenant_id) VALUES ('66666666-6666-6666-6666-666666660311', 'P311 シェア用仕込み', 'prepped', false, 1000, 'g', '11111111-1111-1111-1111-111111111102');
INSERT INTO items (id, name, item_kind, is_menu_item, proceed_yield_amount, proceed_yield_unit, tenant_id) VALUES ('66666666-6666-6666-6666-666666660401', 'M401 ハムサンド', 'prepped', true, 220, 'g', '11111111-1111-1111-1111-111111111101');
INSERT INTO items (id, name, item_kind, is_menu_item, proceed_yield_amount, proceed_yield_unit, tenant_id) VALUES ('66666666-6666-6666-6666-666666660402', 'M402 トンカツカレー', 'prepped', true, 450, 'g', '11111111-1111-1111-1111-111111111101');
INSERT INTO items (id, name, item_kind, is_menu_item, proceed_yield_amount, proceed_yield_unit, tenant_id) VALUES ('66666666-6666-6666-6666-666666660403', 'M403 ダブルチーズバーガー', 'prepped', true, 280, 'g', '11111111-1111-1111-1111-111111111101');
INSERT INTO items (id, name, item_kind, is_menu_item, proceed_yield_amount, proceed_yield_unit, tenant_id) VALUES ('66666666-6666-6666-6666-666666660404', 'M404 キッチンコンボプレート', 'prepped', true, 500, 'g', '11111111-1111-1111-1111-111111111101');
INSERT INTO items (id, name, item_kind, is_menu_item, proceed_yield_amount, proceed_yield_unit, tenant_id) VALUES ('66666666-6666-6666-6666-666666660405', 'M405 ガーリックトースト', 'prepped', true, 120, 'g', '11111111-1111-1111-1111-111111111101');
INSERT INTO items (id, name, item_kind, is_menu_item, proceed_yield_amount, proceed_yield_unit, tenant_id) VALUES ('66666666-6666-6666-6666-666666660406', 'M406 シェア弁当', 'prepped', true, 400, 'g', '11111111-1111-1111-1111-111111111101');
INSERT INTO items (id, name, item_kind, is_menu_item, proceed_yield_amount, proceed_yield_unit, tenant_id) VALUES ('66666666-6666-6666-6666-666666660407', 'M407 目玉焼きプレート', 'prepped', true, 180, 'g', '11111111-1111-1111-1111-111111111101');

-- §D recipe_lines

INSERT INTO recipe_lines (id, parent_item_id, line_type, child_item_id, quantity, unit, tenant_id, user_id) VALUES ('f1000001-1111-4111-8111-000000000001', '66666666-6666-6666-6666-666666660401', 'ingredient', '66666666-6666-6666-6666-666666660305', 80, 'g', '11111111-1111-1111-1111-111111111101', '22222222-2222-2222-2222-222222222201');
INSERT INTO recipe_lines (id, parent_item_id, line_type, child_item_id, quantity, unit, tenant_id, user_id) VALUES ('f1000001-1111-4111-8111-000000000002', '66666666-6666-6666-6666-666666660401', 'ingredient', '66666666-6666-6666-6666-666666660306', 70, 'g', '11111111-1111-1111-1111-111111111101', '22222222-2222-2222-2222-222222222201');
INSERT INTO recipe_lines (id, parent_item_id, line_type, child_item_id, quantity, unit, tenant_id, user_id) VALUES ('f1000001-1111-4111-8111-000000000003', '66666666-6666-6666-6666-666666660401', 'ingredient', '66666666-6666-6666-6666-666666660211', 15, 'g', '11111111-1111-1111-1111-111111111101', '22222222-2222-2222-2222-222222222201');
INSERT INTO recipe_lines (id, parent_item_id, line_type, child_item_id, quantity, unit, tenant_id, user_id) VALUES ('f1000001-1111-4111-8111-000000000004', '66666666-6666-6666-6666-666666660305', 'ingredient', '66666666-6666-6666-6666-666666660201', 500, 'g', '11111111-1111-1111-1111-111111111101', '22222222-2222-2222-2222-222222222201');
INSERT INTO recipe_lines (id, parent_item_id, line_type, child_item_id, quantity, unit, tenant_id, user_id) VALUES ('f1000001-1111-4111-8111-000000000005', '66666666-6666-6666-6666-666666660305', 'ingredient', '66666666-6666-6666-6666-666666660202', 20, 'g', '11111111-1111-1111-1111-111111111101', '22222222-2222-2222-2222-222222222201');
INSERT INTO recipe_lines (id, parent_item_id, line_type, child_item_id, quantity, unit, tenant_id, user_id) VALUES ('f1000001-1111-4111-8111-000000000006', '66666666-6666-6666-6666-666666660305', 'ingredient', '66666666-6666-6666-6666-666666660209', 50, 'g', '11111111-1111-1111-1111-111111111101', '22222222-2222-2222-2222-222222222201');
INSERT INTO recipe_lines (id, parent_item_id, line_type, labor_role, minutes, tenant_id, user_id) VALUES ('f1000001-1111-4111-8111-000000000007', '66666666-6666-6666-6666-666666660305', 'labor', 'kitchen', 25, '11111111-1111-1111-1111-111111111101', '22222222-2222-2222-2222-222222222201');
INSERT INTO recipe_lines (id, parent_item_id, line_type, child_item_id, quantity, unit, tenant_id, user_id) VALUES ('f1000001-1111-4111-8111-000000000008', '66666666-6666-6666-6666-666666660306', 'ingredient', '66666666-6666-6666-6666-666666660210', 300, 'g', '11111111-1111-1111-1111-111111111101', '22222222-2222-2222-2222-222222222201');
INSERT INTO recipe_lines (id, parent_item_id, line_type, child_item_id, quantity, unit, tenant_id, user_id) VALUES ('f1000001-1111-4111-8111-000000000009', '66666666-6666-6666-6666-666666660306', 'ingredient', '66666666-6666-6666-6666-666666660202', 10, 'g', '11111111-1111-1111-1111-111111111101', '22222222-2222-2222-2222-222222222201');
INSERT INTO recipe_lines (id, parent_item_id, line_type, child_item_id, quantity, unit, tenant_id, user_id) VALUES ('f1000001-1111-4111-8111-000000000010', '66666666-6666-6666-6666-666666660306', 'ingredient', '66666666-6666-6666-6666-666666660206', 30, 'g', '11111111-1111-1111-1111-111111111101', '22222222-2222-2222-2222-222222222201');
INSERT INTO recipe_lines (id, parent_item_id, line_type, labor_role, minutes, tenant_id, user_id) VALUES ('f1000001-1111-4111-8111-000000000011', '66666666-6666-6666-6666-666666660306', 'labor', 'kitchen', 20, '11111111-1111-1111-1111-111111111101', '22222222-2222-2222-2222-222222222201');
INSERT INTO recipe_lines (id, parent_item_id, line_type, child_item_id, quantity, unit, tenant_id, user_id) VALUES ('f1000001-1111-4111-8111-000000000012', '66666666-6666-6666-6666-666666660402', 'ingredient', '66666666-6666-6666-6666-666666660302', 220, 'g', '11111111-1111-1111-1111-111111111101', '22222222-2222-2222-2222-222222222201');
INSERT INTO recipe_lines (id, parent_item_id, line_type, child_item_id, quantity, unit, tenant_id, user_id) VALUES ('f1000001-1111-4111-8111-000000000013', '66666666-6666-6666-6666-666666660402', 'ingredient', '66666666-6666-6666-6666-666666660303', 120, 'g', '11111111-1111-1111-1111-111111111101', '22222222-2222-2222-2222-222222222201');
INSERT INTO recipe_lines (id, parent_item_id, line_type, child_item_id, quantity, unit, tenant_id, user_id) VALUES ('f1000001-1111-4111-8111-000000000014', '66666666-6666-6666-6666-666666660402', 'ingredient', '66666666-6666-6666-6666-666666660304', 110, 'g', '11111111-1111-1111-1111-111111111101', '22222222-2222-2222-2222-222222222201');
INSERT INTO recipe_lines (id, parent_item_id, line_type, child_item_id, quantity, unit, tenant_id, user_id) VALUES ('f1000001-1111-4111-8111-000000000015', '66666666-6666-6666-6666-666666660302', 'ingredient', '66666666-6666-6666-6666-666666660301', 100, 'g', '11111111-1111-1111-1111-111111111101', '22222222-2222-2222-2222-222222222201');
INSERT INTO recipe_lines (id, parent_item_id, line_type, child_item_id, quantity, unit, tenant_id, user_id) VALUES ('f1000001-1111-4111-8111-000000000016', '66666666-6666-6666-6666-666666660302', 'ingredient', '66666666-6666-6666-6666-666666660207', 60, 'g', '11111111-1111-1111-1111-111111111101', '22222222-2222-2222-2222-222222222201');
INSERT INTO recipe_lines (id, parent_item_id, line_type, child_item_id, quantity, unit, tenant_id, user_id) VALUES ('f1000001-1111-4111-8111-000000000017', '66666666-6666-6666-6666-666666660302', 'ingredient', '66666666-6666-6666-6666-666666660213', 1500, 'g', '11111111-1111-1111-1111-111111111101', '22222222-2222-2222-2222-222222222201');
INSERT INTO recipe_lines (id, parent_item_id, line_type, labor_role, minutes, tenant_id, user_id) VALUES ('f1000001-1111-4111-8111-000000000018', '66666666-6666-6666-6666-666666660302', 'labor', 'kitchen', 50, '11111111-1111-1111-1111-111111111101', '22222222-2222-2222-2222-222222222201');
INSERT INTO recipe_lines (id, parent_item_id, line_type, child_item_id, quantity, unit, tenant_id, user_id) VALUES ('f1000001-1111-4111-8111-000000000019', '66666666-6666-6666-6666-666666660301', 'ingredient', '66666666-6666-6666-6666-666666660201', 400, 'g', '11111111-1111-1111-1111-111111111101', '22222222-2222-2222-2222-222222222201');
INSERT INTO recipe_lines (id, parent_item_id, line_type, child_item_id, quantity, unit, tenant_id, user_id) VALUES ('f1000001-1111-4111-8111-000000000020', '66666666-6666-6666-6666-666666660301', 'ingredient', '66666666-6666-6666-6666-666666660209', 80, 'g', '11111111-1111-1111-1111-111111111101', '22222222-2222-2222-2222-222222222201');
INSERT INTO recipe_lines (id, parent_item_id, line_type, labor_role, minutes, tenant_id, user_id) VALUES ('f1000001-1111-4111-8111-000000000021', '66666666-6666-6666-6666-666666660301', 'labor', 'kitchen', 10, '11111111-1111-1111-1111-111111111101', '22222222-2222-2222-2222-222222222201');
INSERT INTO recipe_lines (id, parent_item_id, line_type, child_item_id, quantity, unit, tenant_id, user_id) VALUES ('f1000001-1111-4111-8111-000000000022', '66666666-6666-6666-6666-666666660303', 'ingredient', '66666666-6666-6666-6666-666666660204', 260, 'g', '11111111-1111-1111-1111-111111111101', '22222222-2222-2222-2222-222222222201');
INSERT INTO recipe_lines (id, parent_item_id, line_type, child_item_id, quantity, unit, tenant_id, user_id) VALUES ('f1000001-1111-4111-8111-000000000023', '66666666-6666-6666-6666-666666660303', 'ingredient', '66666666-6666-6666-6666-666666660205', 50, 'g', '11111111-1111-1111-1111-111111111101', '22222222-2222-2222-2222-222222222201');
INSERT INTO recipe_lines (id, parent_item_id, line_type, child_item_id, quantity, unit, tenant_id, user_id) VALUES ('f1000001-1111-4111-8111-000000000024', '66666666-6666-6666-6666-666666660303', 'ingredient', '66666666-6666-6666-6666-666666660206', 40, 'g', '11111111-1111-1111-1111-111111111101', '22222222-2222-2222-2222-222222222201');
INSERT INTO recipe_lines (id, parent_item_id, line_type, labor_role, minutes, tenant_id, user_id) VALUES ('f1000001-1111-4111-8111-000000000025', '66666666-6666-6666-6666-666666660303', 'labor', 'kitchen', 45, '11111111-1111-1111-1111-111111111101', '22222222-2222-2222-2222-222222222201');
INSERT INTO recipe_lines (id, parent_item_id, line_type, child_item_id, quantity, unit, tenant_id, user_id) VALUES ('f1000001-1111-4111-8111-000000000026', '66666666-6666-6666-6666-666666660304', 'ingredient', '66666666-6666-6666-6666-666666660208', 1200, 'g', '11111111-1111-1111-1111-111111111101', '22222222-2222-2222-2222-222222222201');
INSERT INTO recipe_lines (id, parent_item_id, line_type, child_item_id, quantity, unit, tenant_id, user_id) VALUES ('f1000001-1111-4111-8111-000000000027', '66666666-6666-6666-6666-666666660403', 'ingredient', '66666666-6666-6666-6666-666666660309', 200, 'g', '11111111-1111-1111-1111-111111111101', '22222222-2222-2222-2222-222222222201');
INSERT INTO recipe_lines (id, parent_item_id, line_type, child_item_id, quantity, unit, tenant_id, user_id) VALUES ('f1000001-1111-4111-8111-000000000028', '66666666-6666-6666-6666-666666660403', 'ingredient', '66666666-6666-6666-6666-666666660212', 80, 'g', '11111111-1111-1111-1111-111111111101', '22222222-2222-2222-2222-222222222201');
INSERT INTO recipe_lines (id, parent_item_id, line_type, child_item_id, quantity, unit, tenant_id, user_id) VALUES ('f1000001-1111-4111-8111-000000000029', '66666666-6666-6666-6666-666666660309', 'ingredient', '66666666-6666-6666-6666-666666660308', 350, 'g', '11111111-1111-1111-1111-111111111101', '22222222-2222-2222-2222-222222222201');
INSERT INTO recipe_lines (id, parent_item_id, line_type, child_item_id, quantity, unit, tenant_id, user_id) VALUES ('f1000001-1111-4111-8111-000000000030', '66666666-6666-6666-6666-666666660308', 'ingredient', '66666666-6666-6666-6666-666666660307', 400, 'g', '11111111-1111-1111-1111-111111111101', '22222222-2222-2222-2222-222222222201');
INSERT INTO recipe_lines (id, parent_item_id, line_type, child_item_id, quantity, unit, tenant_id, user_id) VALUES ('f1000001-1111-4111-8111-000000000031', '66666666-6666-6666-6666-666666660308', 'ingredient', '66666666-6666-6666-6666-666666660306', 80, 'g', '11111111-1111-1111-1111-111111111101', '22222222-2222-2222-2222-222222222201');
INSERT INTO recipe_lines (id, parent_item_id, line_type, child_item_id, quantity, unit, tenant_id, user_id) VALUES ('f1000001-1111-4111-8111-000000000032', '66666666-6666-6666-6666-666666660308', 'ingredient', '66666666-6666-6666-6666-666666660305', 50, 'g', '11111111-1111-1111-1111-111111111101', '22222222-2222-2222-2222-222222222201');
INSERT INTO recipe_lines (id, parent_item_id, line_type, child_item_id, quantity, unit, tenant_id, user_id) VALUES ('f1000001-1111-4111-8111-000000000033', '66666666-6666-6666-6666-666666660307', 'ingredient', '66666666-6666-6666-6666-666666660211', 200, 'g', '11111111-1111-1111-1111-111111111101', '22222222-2222-2222-2222-222222222201');
INSERT INTO recipe_lines (id, parent_item_id, line_type, child_item_id, quantity, unit, tenant_id, user_id) VALUES ('f1000001-1111-4111-8111-000000000034', '66666666-6666-6666-6666-666666660307', 'ingredient', '66666666-6666-6666-6666-666666660201', 50, 'g', '11111111-1111-1111-1111-111111111101', '22222222-2222-2222-2222-222222222201');
INSERT INTO recipe_lines (id, parent_item_id, line_type, labor_role, minutes, tenant_id, user_id) VALUES ('f1000001-1111-4111-8111-000000000035', '66666666-6666-6666-6666-666666660307', 'labor', 'kitchen', 15, '11111111-1111-1111-1111-111111111101', '22222222-2222-2222-2222-222222222201');
INSERT INTO recipe_lines (id, parent_item_id, line_type, child_item_id, quantity, unit, tenant_id, user_id) VALUES ('f1000001-1111-4111-8111-000000000036', '66666666-6666-6666-6666-666666660404', 'ingredient', '66666666-6666-6666-6666-666666660401', 180, 'g', '11111111-1111-1111-1111-111111111101', '22222222-2222-2222-2222-222222222201');
INSERT INTO recipe_lines (id, parent_item_id, line_type, child_item_id, quantity, unit, tenant_id, user_id) VALUES ('f1000001-1111-4111-8111-000000000037', '66666666-6666-6666-6666-666666660404', 'ingredient', '66666666-6666-6666-6666-666666660302', 100, 'g', '11111111-1111-1111-1111-111111111101', '22222222-2222-2222-2222-222222222201');
INSERT INTO recipe_lines (id, parent_item_id, line_type, labor_role, minutes, tenant_id, user_id) VALUES ('f1000001-1111-4111-8111-000000000038', '66666666-6666-6666-6666-666666660404', 'labor', 'kitchen', 8, '11111111-1111-1111-1111-111111111101', '22222222-2222-2222-2222-222222222201');
INSERT INTO recipe_lines (id, parent_item_id, line_type, child_item_id, quantity, unit, tenant_id, user_id) VALUES ('f1000001-1111-4111-8111-000000000039', '66666666-6666-6666-6666-666666660405', 'ingredient', '66666666-6666-6666-6666-666666660310', 40, 'g', '11111111-1111-1111-1111-111111111101', '22222222-2222-2222-2222-222222222201');
INSERT INTO recipe_lines (id, parent_item_id, line_type, child_item_id, quantity, unit, tenant_id, user_id) VALUES ('f1000001-1111-4111-8111-000000000040', '66666666-6666-6666-6666-666666660405', 'ingredient', '66666666-6666-6666-6666-666666660201', 30, 'g', '11111111-1111-1111-1111-111111111101', '22222222-2222-2222-2222-222222222201');
INSERT INTO recipe_lines (id, parent_item_id, line_type, child_item_id, quantity, unit, tenant_id, user_id) VALUES ('f1000001-1111-4111-8111-000000000041', '66666666-6666-6666-6666-666666660310', 'ingredient', '66666666-6666-6666-6666-666666660209', 100, 'g', '11111111-1111-1111-1111-111111111101', '22222222-2222-2222-2222-222222222201');
INSERT INTO recipe_lines (id, parent_item_id, line_type, child_item_id, quantity, unit, tenant_id, user_id) VALUES ('f1000001-1111-4111-8111-000000000042', '66666666-6666-6666-6666-666666660310', 'ingredient', '66666666-6666-6666-6666-666666660212', 20, 'g', '11111111-1111-1111-1111-111111111101', '22222222-2222-2222-2222-222222222201');
INSERT INTO recipe_lines (id, parent_item_id, line_type, labor_role, minutes, tenant_id, user_id) VALUES ('f1000001-1111-4111-8111-000000000043', '66666666-6666-6666-6666-666666660310', 'labor', 'kitchen', 5, '11111111-1111-1111-1111-111111111101', '22222222-2222-2222-2222-222222222201');
INSERT INTO recipe_lines (id, parent_item_id, line_type, child_item_id, quantity, unit, tenant_id, user_id) VALUES ('f1000001-1111-4111-8111-000000000044', '66666666-6666-6666-6666-666666660311', 'ingredient', '66666666-6666-6666-6666-666666660802', 1200, 'g', '11111111-1111-1111-1111-111111111102', '22222222-2222-2222-2222-222222222201');
INSERT INTO recipe_lines (id, parent_item_id, line_type, child_item_id, quantity, unit, tenant_id, user_id) VALUES ('f1000001-1111-4111-8111-000000000045', '66666666-6666-6666-6666-666666660406', 'ingredient', '66666666-6666-6666-6666-666666660311', 300, 'g', '11111111-1111-1111-1111-111111111101', '22222222-2222-2222-2222-222222222201');
INSERT INTO recipe_lines (id, parent_item_id, line_type, child_item_id, quantity, unit, tenant_id, user_id) VALUES ('f1000001-1111-4111-8111-000000000046', '66666666-6666-6666-6666-666666660312', 'ingredient', '66666666-6666-6666-6666-666666660215', 110, 'g', '11111111-1111-1111-1111-111111111101', '22222222-2222-2222-2222-222222222201');
INSERT INTO recipe_lines (id, parent_item_id, line_type, child_item_id, quantity, unit, tenant_id, user_id) VALUES ('f1000001-1111-4111-8111-000000000047', '66666666-6666-6666-6666-666666660407', 'ingredient', '66666666-6666-6666-6666-666666660312', 110, 'g', '11111111-1111-1111-1111-111111111101', '22222222-2222-2222-2222-222222222201');
INSERT INTO recipe_lines (id, parent_item_id, line_type, child_item_id, quantity, unit, tenant_id, user_id) VALUES ('f1000001-1111-4111-8111-000000000048', '66666666-6666-6666-6666-666666660407', 'ingredient', '66666666-6666-6666-6666-666666660201', 25, 'g', '11111111-1111-1111-1111-111111111101', '22222222-2222-2222-2222-222222222201');
INSERT INTO recipe_lines (id, parent_item_id, line_type, child_item_id, quantity, unit, tenant_id, user_id) VALUES ('f1000001-1111-4111-8111-000000000049', '66666666-6666-6666-6666-666666660407', 'ingredient', '66666666-6666-6666-6666-666666660202', 3, 'g', '11111111-1111-1111-1111-111111111101', '22222222-2222-2222-2222-222222222201');

-- §E wholesale list (scenario A: header only, no members/lines)
INSERT INTO wholesale_lists (id, tenant_id, name, created_by) VALUES
  ('44444444-4444-4444-4444-444444444401', '11111111-1111-1111-1111-111111111101', 'Cost RPC WL', '22222222-2222-2222-2222-222222222201');

-- §F cross_tenant (C06)
INSERT INTO cross_tenant_item_shares (id, company_id, item_id, owner_tenant_id, target_type, target_id, allowed_actions, created_by) VALUES
  ('cccccccc-cccc-cccc-cccc-cccccccc0601', '11111111-1111-1111-1111-111111111001', '66666666-6666-6666-6666-666666660311', '11111111-1111-1111-1111-111111111102', 'company', '11111111-1111-1111-1111-111111111001', ARRAY['read']::text[], '22222222-2222-2222-2222-222222222201');

COMMIT;
